<?xml version="1.0" encoding="UTF-8"?><rss version="2.0"
	xmlns:content="http://purl.org/rss/1.0/modules/content/"
	xmlns:wfw="http://wellformedweb.org/CommentAPI/"
	xmlns:dc="http://purl.org/dc/elements/1.1/"
	xmlns:atom="http://www.w3.org/2005/Atom"
	xmlns:sy="http://purl.org/rss/1.0/modules/syndication/"
	xmlns:slash="http://purl.org/rss/1.0/modules/slash/"
	>

<channel>
	<title> </title>
	<atom:link href="/feed/" rel="self" type="application/rss+xml" />
	<link>/</link>
	<description></description>
	<lastBuildDate>Mon, 03 Jun 2024 10:44:18 +0000</lastBuildDate>
	<language>es</language>
	<sy:updatePeriod>
	hourly	</sy:updatePeriod>
	<sy:updateFrequency>
	1	</sy:updateFrequency>
	<generator>https://wordpress.org/?v=6.5.3</generator>

<image>
	<url>/wp-content/uploads/2024/06/SAVE_20240602_052921-2-150x150.jpg</url>
	<title> </title>
	<link>/</link>
	<width>32</width>
	<height>32</height>
</image> 
	<item>
		<title>¡Hola, mundo!</title>
		<link>/2024/06/03/hola-mundo/</link>
					<comments>/2024/06/03/hola-mundo/#comments</comments>
		
		<dc:creator><![CDATA[putoamomaster]]></dc:creator>
		<pubDate>Mon, 03 Jun 2024 10:44:18 +0000</pubDate>
				<category><![CDATA[Sin categoría]]></category>
		<guid isPermaLink="false">/?p=1</guid>

					<description><![CDATA[Te damos la bienvenida a WordPress. Esta es tu primera entrada. Edítala o bórrala, ¡luego empieza a escribir!]]></description>
										<content:encoded><![CDATA[
<p>Te damos la bienvenida a WordPress. Esta es tu primera entrada. Edítala o bórrala, ¡luego empieza a escribir!</p>
]]></content:encoded>
					
					<wfw:commentRss>/2024/06/03/hola-mundo/feed/</wfw:commentRss>
			<slash:comments>1</slash:comments>
		
		
			</item>
	</channel>
</rss>
